Date,Full_Name,Gender,email,Country,City,Phone,Views
11/30/2023,Renelle Ellicock,Female,rellicock0@wordpress.com,Indonesia,Baler Baleagung,6295189565,35
9/24/2023,Thacher Pardon,Male,tpardon1@statcounter.com,Nigeria,Orita Eruwa,1346398805,23264
5/24/2024,Barth Tevlin,Male,btevlin2@desdev.cn,Czech Republic,Žďár,7517040068,7
8/17/2023,Marne Sandilands,Female,msandilands3@unc.edu,China,Wugong,1512739093,2
3/8/2024,Toddie Fermin,Male,tfermin4@ocn.ne.jp,Russia,Rodniki,9634694780,79542
9/3/2023,Case Swinfen,Male,cswinfen5@mtv.com,China,Xiaojie,8018037453,399
11/5/2023,Babara Romand,Female,bromand6@jalbum.net,El Salvador,Rosario de Mora,7304941662,8592
1/30/2024,Grethel McLuckie,Female,gmcluckie7@usa.gov,South Korea,Kimhae,3267814745,67
10/18/2023,Bonnibelle Ramelot,Female,bramelot8@amazon.com,China,Chenqing,9605393526,6
6/12/2024,Vin Aldersley,Male,valdersley9@quantcast.com,China,Huangdao,1528797403,0508
9/14/2023,Jennica Helian,Female,jheliana@amazon.co.uk,Poland,Czarna Dąbrówka,3016234235,073
6/20/2024,Ingunna Fardoe,Female,ifardoeb@scribd.com,Poland,Olszówka,9655079205,0344
2/15/2024,Mathe Gemlett,Male,mgemlettc@sourceforge.net,Russia,Admiralteisky,5913876758,174
3/17/2024,Andrea Sarra,Genderfluid,asarrad@yandex.ru,China,Dongyuan,3775562108,0
4/2/2024,Nicholas Radke,Male,nradkee@vinaora.com,United States,New Haven,2039016182,02194
7/18/2023,Ara Gommery,Female,agommeryf@sciencedaily.com,Japan,Ayabe,6533887279,65212
9/12/2023,Dena Petticrow,Polygender,dpetticrowg@about.me,China,Zhongba,3105581190,8686
2/20/2024,Gawen Ivancevic,Male,givancevich@ibm.com,Poland,Mieścisko,7338940691,9
5/26/2024,Heywood Catchpole,Male,hcatchpolei@hud.gov,Colombia,Distracción,9462646837,12780
7/24/2023,Kirby Korneev,Male,kkorneevj@php.net,Philippines,Balaoang,4953166404,37974
7/12/2023,Olag Mathys,Male,omathysk@fda.gov,China,Liqi,6948133390,35963
4/10/2024,Hillery Jessope,Male,hjessopel@army.mil,Russia,Novki,6104380152,08
8/27/2023,Graig Robert,Male,grobertm@tripod.com,France,Rungis,6125781857,7
1/29/2024,Zoe McKinless,Female,zmckinlessn@constantcontact.com,China,Sanzhou,2869915042,2
10/27/2023,Aharon Gimson,Male,agimsono@hubpages.com,Indonesia,Rancagadog,5443453779,9016
10/20/2023,Dayna Oxbrough,Female,doxbroughp@usnews.com,China,Shuangta,7996503526,1
10/17/2023,Abner Chander,Male,achanderq@gnu.org,Portugal,Midões,7193440647,9366
2/7/2024,Hamel MacRinn,Male,hmacrinnr@reverbnation.com,China,Xiadu,9115892777,24724
10/26/2023,Nikki Lonnon,Female,nlonnons@huffingtonpost.com,Swaziland,Bulembu,5322496012,173
4/28/2024,Hector Vaskov,Male,hvaskovt@springer.com,Yemen,Bayt ‘Adhāqah,8156179306,791
6/25/2024,Nonna Deeley,Female,ndeeleyu@mozilla.com,Russia,Saraktash,6088099942,99976
7/5/2024,Haven Crecy,Male,hcrecyv@theguardian.com,Cyprus,Pégeia,7507868744,0870
5/20/2024,Dale Borthwick,Male,dborthwickw@craigslist.org,Finland,Hollola,3536165882,2
11/10/2023,Devina Buterton,Female,dbutertonx@zimbio.com,China,Guanting,6384507776,889
4/16/2024,Lilly Woodyeare,Female,lwoodyearey@163.com,Peru,Chincha Baja,8359109247,96
1/3/2024,Bail Shortcliffe,Male,bshortcliffez@stanford.edu,Indonesia,Wirodayan,7137337756,10
11/8/2023,Edi Dachs,Female,edachs10@cornell.edu,Kazakhstan,Arys,1456097236,0140
11/5/2023,Lorelle Juleff,Female,ljuleff11@economist.com,Poland,Zduńska Wola,3381353547,5
2/2/2024,Carver Fenck,Male,cfenck12@oracle.com,Greece,Panaitólion,2765405926,810
8/8/2023,Worthy Markie,Male,wmarkie13@yahoo.co.jp,China,Chengnan,9689216105,756
12/15/2023,Alano Hubback,Polygender,ahubback14@mysql.com,Indonesia,Adiwerna,2057845216,0680
1/14/2024,Olav Castree,Male,ocastree15@devhub.com,Poland,Bejsce,3426856035,85
7/21/2023,Randy Bulluck,Female,rbulluck16@ehow.com,Netherlands,Ede,6582206262,990
4/2/2024,Georgie Inchley,Male,ginchley17@hostgator.com,Indonesia,Dawuhan,4076377707,92
10/7/2023,Wynn Castagnet,Male,wcastagnet18@prlog.org,Argentina,Santa Elena,4202652524,62
1/7/2024,Jayme Brydie,Female,jbrydie19@sakura.ne.jp,France,Nancy,5178999725,7670
10/17/2023,Batsheva Thorsby,Female,bthorsby1a@elpais.com,Vietnam,Cam Lâm,4155622365,76134
6/11/2024,Merrie Gannicleff,Female,mgannicleff1b@github.io,Czech Republic,Kopidlno,4224692933,953
8/6/2023,Marissa Garling,Female,mgarling1c@cocolog-nifty.com,Portugal,Quinta do Sobrado,7794355876,761
3/25/2024,Gav Thirwell,Bigender,gthirwell1d@seesaa.net,France,Niort,9864935814,4
3/19/2024,Fawnia Gibberd,Polygender,fgibberd1e@technorati.com,Nigeria,Yuli,1131526088,04
5/13/2024,Hussein Meir,Male,hmeir1f@odnoklassniki.ru,Indonesia,Cihaurbeuti,8129326543,1
2/28/2024,Lolly Noyes,Female,lnoyes1g@weather.com,Syria,Sabbah,6005486173,6622
12/6/2023,Shalne Bellino,Female,sbellino1h@home.pl,Spain,Vitoria-Gasteiz,6669792145,71
5/19/2024,Suzy Marcos,Female,smarcos1i@samsung.com,Croatia,Jankomir,1527256470,03128
8/12/2023,Lorinda Palfreeman,Female,lpalfreeman1j@wsj.com,Uzbekistan,Fergana,5893560597,4
8/30/2023,Jobyna Trevain,Female,jtrevain1k@comcast.net,Malaysia,Kuantan,5144853707,72959
2/12/2024,Abagail Balnave,Female,abalnave1l@printfriendly.com,China,Zhuhe,4783187936,830
11/21/2023,Chevy Westmacott,Male,cwestmacott1m@hp.com,China,Sanjiang,9725641925,3
1/24/2024,Rica Scandred,Female,rscandred1n@devhub.com,Estonia,Narva,5061686138,27185
5/27/2024,Stanleigh Dochon,Male,sdochon1o@posterous.com,Colombia,El Retiro,4815479506,6
3/6/2024,Klarika Gurner,Female,kgurner1p@vk.com,Sweden,Falun,8245943772,87378
9/15/2023,Rebekkah Codlin,Female,rcodlin1q@paypal.com,Indonesia,Paritaman,9152821197,44752
6/30/2024,Rick Lethcoe,Male,rlethcoe1r@arstechnica.com,Paraguay,San Pedro de Ycuamandiyú,3178092441,08108
2/3/2024,Don Arnull,Male,darnull1s@google.com.au,Japan,Ōkuchi,3263466582,2331
9/23/2023,Trueman Petkov,Male,tpetkov1t@multiply.com,Thailand,Tha Bo,4142963157,540
12/19/2023,Teodoro Lebarree,Male,tlebarree1u@fc2.com,Russia,Seymchan,6921070016,5089
1/30/2024,Norrie Pigney,Male,npigney1v@wisc.edu,Germany,Berlin,6055316640,01
8/21/2023,Sal Cutting,Female,scutting1w@posterous.com,Indonesia,Karangsari,6819164382,9
11/27/2023,Mandie Purkiss,Female,mpurkiss1x@cyberchimps.com,Japan,Hitoyoshi,8094107754,14496
7/29/2023,Mina Curteis,Female,mcurteis1y@salon.com,Peru,Santiago de Cao,7217961992,25
9/13/2023,Thia Cunniffe,Female,tcunniffe1z@time.com,Brazil,Gravatá,7074109704,2
5/7/2024,Hermina Staterfield,Female,hstaterfield20@timesonline.co.uk,Indonesia,Bonebone,5686450255,0956
3/27/2024,Gibb Douglass,Genderqueer,gdouglass21@freewebs.com,Nepal,Butwāl,3069920651,3
7/8/2023,Bathsheba Muncie,Female,bmuncie22@de.vu,Brazil,Itajaí,8434380485,93
1/21/2024,Javier Vandenhoff,Male,jvandenhoff23@amazon.co.jp,United States,Los Angeles,2131713228,6
2/20/2024,Frederich Farlam,Male,ffarlam24@usgs.gov,Indonesia,Suwaluh,8022040264,31058
6/4/2024,Jennee Belhome,Female,jbelhome25@google.es,Portugal,Criação Velha,2125594643,5
9/27/2023,Torrie Ferraron,Female,tferraron26@ehow.com,Indonesia,Wongaya Kaja,8576812297,53251
1/21/2024,Jameson Brough,Male,jbrough27@reddit.com,Argentina,Ibarreta,9438525292,72234
2/10/2024,Arie Speddin,Male,aspeddin28@people.com.cn,South Korea,Cheongpyeong,2246003413,15568
8/16/2023,Dwain Sevitt,Male,dsevitt29@oracle.com,Czech Republic,Zbiroh,9544176947,04
3/7/2024,Ruthanne Everard,Female,reverard2a@nba.com,Indonesia,Kalipare,9408942774,9934
11/19/2023,Jeromy Gravey,Male,jgravey2b@wunderground.com,Portugal,Quiaios,5249776149,345
8/2/2023,Teddie Mattityahou,Female,tmattityahou2c@sogou.com,China,Kezileboyi,4939025517,33932
7/8/2023,Calla Rugieri,Female,crugieri2d@webeden.co.uk,Croatia,Mirkovci,6643355439,450
1/18/2024,Ichabod Blais,Male,iblais2e@desdev.cn,France,Toulouse,2346725174,4
1/7/2024,Neddy McGillicuddy,Male,nmcgillicuddy2f@vinaora.com,China,Enjiang,3206304729,025
9/13/2023,Krystalle Hobble,Female,khobble2g@washingtonpost.com,Brazil,Pedreira,4144989395,3342
7/23/2023,Lorie Crankhorn,Female,lcrankhorn2h@trellian.com,Brazil,São Francisco,2651525243,613
10/2/2023,Derrek Milmo,Male,dmilmo2i@yolasite.com,Bolivia,Rosario del Ingre,1022849743,29
5/1/2024,Datha Maryman,Female,dmaryman2j@slashdot.org,China,Qianqiao,5204705147,829
6/24/2024,Brittni MacAfee,Female,bmacafee2k@freewebs.com,United States,Evansville,8121240386,1750
7/30/2023,Mattias Turnor,Male,mturnor2l@wp.com,China,Yixi,6073895994,114
2/2/2024,Dom Keitley,Non-binary,dkeitley2m@mozilla.org,Denmark,København,9516505541,528
6/8/2024,Phip Tregea,Male,ptregea2n@printfriendly.com,Poland,Murów,7495353362,0035
1/23/2024,Brittan Canwell,Female,bcanwell2o@goo.ne.jp,Poland,Wielki Kack,5303389508,1288
11/28/2023,Inga Adne,Female,iadne2p@seattletimes.com,Portugal,Atães,2887957882,5514
6/22/2024,Leonard May,Male,lmay2q@nifty.com,China,Xekar,1177337750,09
8/10/2023,Marie-jeanne Ximenez,Polygender,mximenez2r@cpanel.net,Colombia,Barranca de Upía,5725392883,876
2/24/2024,Maiga Bussy,Female,mbussy2s@tuttocitta.it,France,Pouzauges,4158349420,9525
6/7/2024,Wilona Creevy,Female,wcreevy2t@state.gov,Russia,Zemlyansk,5445049804,71
7/15/2023,Gerda Alam,Female,galam2u@xinhuanet.com,China,Changshan,2354558831,3
1/7/2024,Angelo Polglase,Male,apolglase2v@de.vu,Indonesia,Karangkancana,3629829479,3065
7/25/2023,Ediva Blitzer,Female,eblitzer2w@sciencedaily.com,Albania,Karinë,9888031301,8
7/6/2024,Bobbi Sleep,Female,bsleep2x@nationalgeographic.com,Philippines,Cagayan,4368829648,38813
7/11/2023,Nestor Faye,Male,nfaye2y@alibaba.com,Panama,Pocrí,9955282105,32527
7/16/2023,Glynnis Busch,Female,gbusch2z@booking.com,China,Zhouji,9298486307,24159
6/6/2024,Judye Hearl,Female,jhearl30@about.me,France,Domont,9056190225,7
8/21/2023,Rufe Rabl,Male,rrabl31@pagesperso-orange.fr,Russia,Yelets,2344918179,5
9/22/2023,Emory Genery,Male,egenery32@plala.or.jp,Dominican Republic,Bajos de Haina,4838054303,0
6/15/2024,Otes Kloster,Male,okloster33@ca.gov,United States,Jamaica,2129949523,33296
1/15/2024,Lori Bonett,Female,lbonett34@forbes.com,France,Fresnes,5735915496,24214
1/8/2024,Renado Farncombe,Male,rfarncombe35@i2i.jp,China,Liulihe,4134201787,8
3/1/2024,Dickie Loudiane,Male,dloudiane36@weather.com,Palestinian Territory,Qaţanah,8513771359,3638
1/22/2024,Nilson Ruffy,Male,nruffy37@biglobe.ne.jp,France,Bordeaux,8286102719,71
11/6/2023,Ambrosi Ferriday,Male,aferriday38@google.cn,Sweden,Bålsta,4155946483,264
3/6/2024,Creight Bransby,Male,cbransby39@yahoo.co.jp,Philippines,Tagkawayan Sabang,3708779924,82
2/22/2024,Kinnie Whymark,Male,kwhymark3a@huffingtonpost.com,Portugal,Pobral,6653125460,7257
6/21/2024,Mathias Trewman,Polygender,mtrewman3b@engadget.com,Tanzania,Chanika,2077130658,102
4/29/2024,Kip Sprankling,Female,ksprankling3c@netvibes.com,Portugal,São Roque,5176660122,280
8/21/2023,Nicoline Lygoe,Female,nlygoe3d@nature.com,China,Dayou,1397807711,05949
11/16/2023,Terza de Keep,Female,tde3e@goo.gl,China,Heshang,3603649604,0
6/6/2024,Osbourne Scrigmour,Male,oscrigmour3f@weather.com,Uruguay,Nuevo Berlín,3199617099,295
11/19/2023,Marne Arter,Female,marter3g@cocolog-nifty.com,China,Xinli,6477290543,104
9/22/2023,Brandea Burkart,Polygender,bburkart3h@godaddy.com,China,Maliang,4949027955,09
8/8/2023,Olly Alleyne,Female,oalleyne3i@cocolog-nifty.com,Czech Republic,Rychnov nad Kněžnou,8953523757,450
5/4/2024,Lammond Carolan,Bigender,lcarolan3j@bravesites.com,China,Nanshi,5738517769,82
10/31/2023,Stacy Hannabuss,Female,shannabuss3k@blogtalkradio.com,Honduras,Sulaco,5723418528,8
1/30/2024,Fredek Howison,Male,fhowison3l@oaic.gov.au,China,Liandu,9654208180,78330
2/20/2024,Keven Meatyard,Male,kmeatyard3m@sakura.ne.jp,Poland,Dzwola,5913027186,66197
7/15/2023,Lil Wickardt,Female,lwickardt3n@google.nl,China,Fengtang,8979733295,02
3/5/2024,Jeanelle Escala,Agender,jescala3o@wiley.com,China,Anhai,8665860237,23610
2/8/2024,Callean Jellico,Male,cjellico3p@epa.gov,Argentina,General Alvear,8644827728,3
3/23/2024,Luciano Stoves,Male,lstoves3q@foxnews.com,Sri Lanka,Welisara,9717202491,226
7/10/2023,Lewes Presho,Male,lpresho3r@wiley.com,Serbia,Aleksandrovac,9266527188,7249
6/1/2024,Morgun Ruslen,Male,mruslen3s@macromedia.com,France,Paris La Défense,5268469207,8737
8/1/2023,Marven Doughill,Male,mdoughill3t@imgur.com,Japan,Yugawara,7908841128,99918
8/7/2023,Vivien Stawell,Female,vstawell3u@dyndns.org,Philippines,Pawing,9888515921,69
2/21/2024,Woodrow Mea,Male,wmea3v@usa.gov,Indonesia,Pasirnangka,4447277711,3
11/29/2023,Halli Santacrole,Female,hsantacrole3w@vimeo.com,China,Huangcaotuo,2771853162,1
5/5/2024,Patrizia Feldmus,Female,pfeldmus3x@baidu.com,China,Xunqiao,6272476732,840
7/18/2023,Sianna Christiensen,Female,schristiensen3y@trellian.com,Indonesia,Babat,8535657883,0
6/19/2024,Ernestus Dommerque,Male,edommerque3z@1und1.de,United States,Newark,8626595825,301
7/13/2023,Kellia Pallent,Female,kpallent40@elpais.com,China,Daying,3529149251,5
6/25/2024,Marsiella Dodell,Female,mdodell41@mac.com,Indonesia,Cimahi,6938095407,1848
9/12/2023,Binnie Mounfield,Polygender,bmounfield42@tinyurl.com,Colombia,Baraya,6936523610,9
6/17/2024,Alf Chattelaine,Male,achattelaine43@msu.edu,Russia,Peski,8967936673,99
1/23/2024,Janka O'Hallagan,Female,johallagan44@yahoo.co.jp,South Africa,Lichtenburg,4624294784,75
3/1/2024,Vinita Lebrun,Female,vlebrun45@dedecms.com,Poland,Stara Kiszewa,2362401183,40538
